,type,entry_time,exit_time,entry_price_bnf,exit_price_bnf,entry_price_nft,exit_price_nft,pnl
0,short_bnf-short_nifty,2017-07-24 09:15:00,2017-08-03 09:15:00,9964.95,10033.45,24403.25,24798.2,13298.750000000018
1,long_bnf-long_nifty,2017-08-03 11:15:00,2017-08-08 09:15:00,10049.0,10002.0,24814.3,24661.15,-6178.749999999945
2,long_bnf-long_nifty,2017-08-08 11:15:00,2017-08-10 15:15:00,10005.4,9850.0,24677.8,24280.15,-17711.249999999927
3,long_bnf-long_nifty,2017-08-11 09:15:00,2017-08-11 13:15:00,9750.55,9717.2,24037.7,24002.8,-2539.9999999999636
4,short_bnf-short_nifty,2017-08-11 15:15:00,2017-08-14 13:15:00,9712.95,9796.85,23974.45,24121.6,7873.749999999927
5,long_bnf-long_nifty,2017-08-14 15:15:00,2017-08-16 15:15:00,9790.85,9900.65,24086.7,24444.35,14431.249999999909
6,short_bnf-short_nifty,2017-08-17 09:15:00,2017-08-17 11:15:00,9893.75,9938.6,24286.65,24354.25,3932.499999999982
7,long_bnf-long_nifty,2017-08-17 13:15:00,2017-08-21 13:15:00,9890.2,9754.4,24163.1,23931.8,-12572.500000000036
8,long_bnf-long_nifty,2017-08-21 15:15:00,2017-08-22 15:15:00,9751.45,9775.1,23915.5,24005.75,3438.749999999982
9,short_bnf-short_nifty,2017-08-23 09:15:00,2017-08-28 13:15:00,9805.8,9915.4,24156.45,24381.1,11096.249999999964
10,long_bnf-long_nifty,2017-08-29 09:15:00,2017-08-29 13:15:00,9825.15,9795.55,24161.45,24132.4,-2206.25
11,short_bnf-short_nifty,2017-08-29 15:15:00,2017-08-30 13:15:00,9793.0,9882.15,24119.0,24304.65,9098.750000000018
12,long_bnf-long_nifty,2017-08-30 15:15:00,2017-09-07 09:15:00,9886.35,9934.7,24319.3,24344.25,3041.2500000000364
13,short_bnf-short_nifty,2017-09-07 11:15:00,2017-09-08 09:15:00,9925.65,9945.65,24334.45,24353.8,1483.7499999999636
14,short_bnf-short_nifty,2017-09-08 11:15:00,2017-09-15 15:15:00,9918.0,10085.4,24288.95,24847.45,22332.49999999998
15,long_bnf-long_nifty,2017-09-18 09:15:00,2017-09-18 11:15:00,10160.75,10159.25,25060.5,25052.9,-264.9999999999636
16,short_bnf-short_nifty,2017-09-18 13:15:00,2017-09-20 09:15:00,10152.0,10141.05,25045.05,24984.9,-2051.249999999982
17,long_bnf-long_nifty,2017-09-20 11:15:00,2017-09-26 15:15:00,10142.65,9855.25,24974.85,24179.25,-34259.99999999994
18,short_bnf-short_nifty,2017-09-27 09:15:00,2017-09-27 11:15:00,9828.05,9797.4,24020.15,23937.6,-3596.2500000000546
19,long_bnf-long_nifty,2017-09-27 13:15:00,2017-09-28 15:15:00,9726.6,9760.2,23790.6,24000.95,6938.750000000073
20,short_bnf-short_nifty,2017-09-29 09:15:00,2017-10-03 11:15:00,9816.2,9858.05,24162.45,24083.5,118.74999999990905
21,long_bnf-long_nifty,2017-10-03 13:15:00,2017-10-10 15:15:00,9861.6,10013.8,24105.9,24328.65,13178.749999999945
22,long_bnf-long_nifty,2017-10-11 15:15:00,2017-10-13 11:15:00,9970.1,10169.9,24062.7,24730.2,26677.499999999964
23,short_bnf-short_nifty,2017-10-13 13:15:00,2017-10-16 11:15:00,10168.75,10190.0,24692.25,24638.5,-281.25
24,long_bnf-long_nifty,2017-10-16 13:15:00,2017-10-25 11:15:00,10226.95,10292.9,24690.2,24952.65,9858.749999999964
25,short_bnf-short_nifty,2017-10-25 13:15:00,2017-11-07 15:15:00,10300.95,10351.4,25068.0,25291.75,8116.249999999945
26,long_bnf-long_nifty,2017-11-08 09:15:00,2017-11-08 13:15:00,10342.2,10307.1,25292.55,25210.3,-3811.250000000018
27,long_bnf-long_nifty,2017-11-09 09:15:00,2017-11-09 11:15:00,10310.3,10298.25,25231.65,25276.55,519.9999999999818
28,short_bnf-short_nifty,2017-11-09 13:15:00,2017-11-21 13:15:00,10304.05,10326.95,25283.1,25759.1,13045.000000000073
29,long_bnf-long_nifty,2017-11-21 15:15:00,2017-11-27 15:15:00,10321.25,10404.65,25743.35,25926.35,8744.999999999982
30,short_bnf-short_nifty,2017-11-28 09:15:00,2017-11-30 11:15:00,10389.7,10271.3,25892.1,25518.05,-15271.250000000055
31,long_bnf-long_nifty,2017-11-30 13:15:00,2017-12-01 15:15:00,10222.3,10119.8,25321.15,25196.2,-8248.750000000018
32,short_bnf-short_nifty,2017-12-04 09:15:00,2017-12-04 11:15:00,10142.3,10156.25,25163.85,25178.0,1051.2500000000728
33,long_bnf-long_nifty,2017-12-04 13:15:00,2017-12-06 09:15:00,10124.9,10089.2,25055.35,25038.85,-2197.4999999999454
34,long_bnf-long_nifty,2017-12-06 11:15:00,2017-12-06 13:15:00,10063.55,10042.1,24991.7,24840.9,-4842.499999999927
35,long_bnf-long_nifty,2017-12-06 15:15:00,2017-12-15 11:15:00,10039.65,10347.4,24853.0,25451.2,30342.50000000002
36,short_bnf-short_nifty,2017-12-15 13:15:00,2017-12-19 15:15:00,10336.35,10469.5,25447.1,25734.35,13838.749999999982
37,long_bnf-long_nifty,2017-12-20 09:15:00,2018-01-04 11:15:00,10477.25,10474.35,25724.8,25428.6,-7550.0
38,short_bnf-short_nifty,2018-01-04 13:15:00,2018-01-04 15:15:00,10503.45,10505.35,25466.65,25478.4,388.7499999999818
39,long_bnf-long_nifty,2018-01-05 09:15:00,2018-01-05 13:15:00,10546.75,10555.45,25563.9,25594.85,1208.7499999999636
40,long_bnf-long_nifty,2018-01-05 15:15:00,2018-01-08 09:15:00,10561.35,10616.5,25619.9,25722.3,5317.499999999927
41,long_bnf-long_nifty,2018-01-08 11:15:00,2018-01-15 11:15:00,10612.65,10745.2,25702.5,26020.0,14565.000000000055
42,short_bnf-short_nifty,2018-01-15 13:15:00,2018-01-29 15:15:00,10740.2,11124.7,26061.75,27475.2,54561.250000000015
43,short_bnf-short_nifty,2018-01-30 11:15:00,2018-01-30 15:15:00,11056.35,11049.45,27326.65,27268.5,-1798.7500000000182
44,long_bnf-long_nifty,2018-01-31 09:15:00,2018-01-31 15:15:00,11017.25,11030.7,27186.55,27392.65,5825.000000000091
45,short_bnf-short_nifty,2018-02-01 09:15:00,2018-02-01 15:15:00,11091.95,11020.6,27554.25,27188.85,-12702.500000000055
46,long_bnf-long_nifty,2018-02-02 09:15:00,2018-02-07 09:15:00,10859.85,10513.75,26706.2,25753.25,-41128.75000000004
47,long_bnf-long_nifty,2018-02-07 11:15:00,2018-02-08 15:15:00,10515.0,10579.3,25780.3,25929.05,6933.749999999964
48,long_bnf-long_nifty,2018-02-09 11:15:00,2018-02-22 15:15:00,10447.35,10377.8,25489.9,24948.4,-17015.000000000055
49,short_bnf-short_nifty,2018-02-23 11:15:00,2018-02-27 15:15:00,10476.2,10551.05,25233.7,25383.85,7496.249999999873
50,long_bnf-long_nifty,2018-02-28 09:15:00,2018-03-08 15:15:00,10500.9,10236.35,25066.15,24479.3,-27898.75000000002
51,short_bnf-short_nifty,2018-03-09 09:15:00,2018-03-09 11:15:00,10277.55,10286.1,24440.5,24480.05,1416.2500000000364
52,long_bnf-long_nifty,2018-03-09 13:15:00,2018-03-13 11:15:00,10225.9,10464.4,24288.35,24977.35,29150.0
53,short_bnf-short_nifty,2018-03-13 13:15:00,2018-03-13 15:15:00,10409.75,10425.2,24664.05,24732.75,2490.0000000000546
54,long_bnf-long_nifty,2018-03-14 09:15:00,2018-03-14 13:15:00,10376.75,10409.25,24543.75,24844.05,9132.499999999982
55,short_bnf-short_nifty,2018-03-14 15:15:00,2018-03-20 15:15:00,10415.65,10138.2,24863.0,24227.3,-29764.999999999964
56,long_bnf-long_nifty,2018-03-21 09:15:00,2018-03-26 13:15:00,10224.8,10135.3,24438.3,24261.45,-8896.249999999964
57,short_bnf-short_nifty,2018-03-26 15:15:00,2018-04-02 11:15:00,10140.8,10175.1,24270.6,24254.6,1315.0000000000546
58,long_bnf-long_nifty,2018-04-02 13:15:00,2018-04-03 11:15:00,10211.9,10204.1,24340.45,24390.35,857.4999999999818
59,short_bnf-short_nifty,2018-04-03 15:15:00,2018-04-04 09:15:00,10244.4,10266.85,24500.7,24599.65,3596.2500000000546
60,short_bnf-short_nifty,2018-04-04 11:15:00,2018-04-04 13:15:00,10211.6,10135.2,24426.25,24148.7,-10758.749999999964
61,long_bnf-long_nifty,2018-04-04 15:15:00,2018-04-05 15:15:00,10119.9,10327.65,24106.05,24790.25,27492.50000000002
62,short_bnf-short_nifty,2018-04-06 09:15:00,2018-04-12 11:15:00,10299.5,10444.45,24670.25,25158.8,19461.25000000002
63,long_bnf-long_nifty,2018-04-12 13:15:00,2018-04-27 09:15:00,10459.65,10693.15,25195.8,25335.8,15175.0
64,short_bnf-short_nifty,2018-04-27 11:15:00,2018-05-16 15:15:00,10696.85,10742.75,25335.4,26201.55,23948.749999999927
65,long_bnf-long_nifty,2018-05-17 09:15:00,2018-05-21 15:15:00,10711.35,10520.35,26133.85,25760.3,-18888.74999999998
66,short_bnf-short_nifty,2018-05-22 09:15:00,2018-05-29 15:15:00,10509.7,10630.95,25735.1,26237.65,18626.250000000073
67,long_bnf-long_nifty,2018-05-30 09:15:00,2018-05-30 13:15:00,10565.0,10611.85,26113.0,26332.85,7838.749999999982
68,short_bnf-short_nifty,2018-05-30 15:15:00,2018-06-04 11:15:00,10616.7,10657.45,26336.75,26391.5,3406.25
69,long_bnf-long_nifty,2018-06-04 13:15:00,2018-06-14 11:15:00,10635.6,10788.65,26283.8,26570.6,14822.499999999945
70,short_bnf-short_nifty,2018-06-14 13:15:00,2018-06-15 09:15:00,10805.65,10828.85,26572.9,26560.2,842.5000000000182
71,long_bnf-long_nifty,2018-06-15 11:15:00,2018-06-19 11:15:00,10767.85,10718.1,26379.65,26316.7,-4061.250000000018
72,short_bnf-short_nifty,2018-06-19 13:15:00,2018-06-27 11:15:00,10713.1,10696.4,26268.75,26375.5,1833.7499999999636
73,long_bnf-long_nifty,2018-06-27 13:15:00,2018-06-27 15:15:00,10664.15,10667.45,26409.4,26429.3,662.5
74,short_bnf-short_nifty,2018-06-28 09:15:00,2018-06-29 13:15:00,10655.3,10718.35,26425.4,26381.6,2057.499999999982
75,long_bnf-long_nifty,2018-06-29 15:15:00,2018-07-05 11:15:00,10711.4,10777.8,26360.9,26577.65,8738.749999999982
76,short_bnf-short_nifty,2018-07-05 13:15:00,2018-07-10 15:15:00,10756.05,10947.1,26518.8,26892.3,18890.000000000055
77,long_bnf-long_nifty,2018-07-11 09:15:00,2018-07-17 15:15:00,10935.4,11015.15,26822.2,27015.15,8811.250000000018
78,short_bnf-short_nifty,2018-07-18 09:15:00,2018-07-19 15:15:00,11050.95,10967.2,27128.25,26796.95,-12469.999999999982
79,long_bnf-long_nifty,2018-07-20 09:15:00,2018-07-26 11:15:00,11001.15,11173.75,26813.3,27335.65,21688.750000000073
80,short_bnf-short_nifty,2018-07-26 13:15:00,2018-07-31 15:15:00,11168.15,11357.25,27401.15,27773.15,18755.00000000002
81,long_bnf-long_nifty,2018-08-01 11:15:00,2018-08-06 11:15:00,11347.05,11397.95,27627.65,27940.35,10362.5
82,short_bnf-short_nifty,2018-08-06 13:15:00,2018-08-13 11:15:00,11388.5,11391.65,27906.15,27826.35,-1837.500000000091
83,long_bnf-long_nifty,2018-08-13 13:15:00,2018-08-20 09:15:00,11357.3,11539.6,27815.6,28277.0,20650.00000000009
84,long_bnf-long_nifty,2018-08-20 13:15:00,2018-09-11 11:15:00,11549.65,11416.55,28266.9,27235.55,-32438.750000000073
85,short_bnf-short_nifty,2018-09-11 13:15:00,2018-09-11 15:15:00,11285.2,11282.0,26818.55,26787.4,-938.7499999999818
86,long_bnf-long_nifty,2018-09-12 09:15:00,2018-09-28 11:15:00,11311.0,10987.25,26715.1,25192.0,-54264.99999999996
87,short_bnf-short_nifty,2018-09-28 13:15:00,2018-10-01 11:15:00,10954.65,10866.1,25209.35,24912.15,-11857.49999999989
88,short_bnf-short_nifty,2018-10-01 13:15:00,2018-10-17 09:15:00,11005.55,10607.75,25357.0,25631.7,-13022.499999999945
89,long_bnf-long_nifty,2018-10-17 11:15:00,2018-10-19 11:15:00,10566.5,10316.4,25501.05,25069.9,-23283.749999999964
90,short_bnf-short_nifty,2018-10-19 13:15:00,2018-10-26 11:15:00,10302.05,10079.4,25058.15,24674.3,-20728.750000000036
91,long_bnf-long_nifty,2018-10-26 13:15:00,2018-11-01 13:15:00,10043.1,10381.55,24456.5,25313.3,38342.49999999993
92,short_bnf-short_nifty,2018-11-01 15:15:00,2018-11-06 15:15:00,10381.15,10520.4,25336.8,25601.8,13587.5
93,long_bnf-long_nifty,2018-11-09 09:15:00,2018-11-09 15:15:00,10618.6,10581.55,25795.15,25766.5,-2568.750000000091
94,long_bnf-long_nifty,2018-11-12 09:15:00,2018-11-12 15:15:00,10593.4,10479.55,25738.55,25532.6,-10841.250000000036
95,long_bnf-long_nifty,2018-11-13 11:15:00,2018-11-14 09:15:00,10516.2,10596.4,25583.6,25925.15,12548.750000000018
96,short_bnf-short_nifty,2018-11-14 11:15:00,2018-11-19 15:15:00,10600.25,10770.35,25975.0,26338.25,17586.25000000002
97,long_bnf-long_nifty,2018-11-20 09:15:00,2018-11-21 11:15:00,10710.6,10582.5,26163.55,26228.2,-4788.749999999982
98,short_bnf-short_nifty,2018-11-21 13:15:00,2018-11-28 11:15:00,10600.7,10751.05,26267.95,26562.5,14881.249999999909
99,long_bnf-long_nifty,2018-11-28 13:15:00,2018-11-29 15:15:00,10730.25,10875.85,26462.9,26943.7,19300.0
100,short_bnf-short_nifty,2018-11-30 09:15:00,2018-11-30 11:15:00,10904.6,10854.55,26882.5,26823.65,-3973.750000000018
101,long_bnf-long_nifty,2018-11-30 13:15:00,2018-12-06 15:15:00,10869.75,10593.95,26848.4,26203.3,-29917.50000000002
102,short_bnf-short_nifty,2018-12-07 09:15:00,2018-12-13 09:15:00,10634.9,10785.1,26422.7,26896.35,19351.24999999998
103,short_bnf-short_nifty,2018-12-13 11:15:00,2018-12-13 15:15:00,10802.75,10788.5,26906.7,26820.95,-2856.25
104,long_bnf-long_nifty,2018-12-14 11:15:00,2018-12-17 11:15:00,10800.0,10864.35,26804.5,26968.1,7307.499999999982
105,long_bnf-long_nifty,2018-12-17 13:15:00,2018-12-18 15:15:00,10887.35,10914.3,27019.0,27191.85,5668.749999999909
106,short_bnf-short_nifty,2018-12-19 09:15:00,2018-12-27 15:15:00,10935.35,10773.7,27245.65,26897.1,-16796.250000000055
107,long_bnf-long_nifty,2018-12-28 09:15:00,2019-01-01 11:15:00,10879.0,10828.5,27157.8,27093.15,-4141.249999999945
108,short_bnf-short_nifty,2019-01-01 15:15:00,2019-01-11 11:15:00,10913.95,10770.45,27411.15,27446.15,-6300.0
109,short_bnf-short_nifty,2019-01-11 13:15:00,2019-01-14 09:15:00,10805.95,10720.85,27492.25,27243.95,-10462.5
110,long_bnf-long_nifty,2019-01-14 11:15:00,2019-01-14 13:15:00,10705.25,10739.65,27247.15,27258.7,2008.7499999999636
111,long_bnf-long_nifty,2019-01-14 15:15:00,2019-01-22 13:15:00,10742.05,10925.3,27252.2,27485.5,14994.999999999982
112,long_bnf-long_nifty,2019-01-22 15:15:00,2019-01-28 09:15:00,10918.6,10696.95,27470.55,26812.65,-27529.999999999927
113,long_bnf-long_nifty,2019-01-28 11:15:00,2019-01-30 11:15:00,10680.05,10665.25,26711.05,26819.1,1961.2500000000182
114,short_bnf-short_nifty,2019-01-30 13:15:00,2019-02-01 13:15:00,10653.9,10890.7,26818.2,27054.4,17745.000000000073
115,long_bnf-long_nifty,2019-02-01 15:15:00,2019-02-08 13:15:00,10892.75,10935.7,27060.2,27275.45,7528.750000000036
116,short_bnf-short_nifty,2019-02-08 15:15:00,2019-02-15 15:15:00,10932.6,10728.8,27261.5,26792.9,-21905.00000000002
117,long_bnf-long_nifty,2019-02-18 09:15:00,2019-02-18 11:15:00,10645.5,10665.55,26723.25,26753.3,1753.7499999999454
118,short_bnf-short_nifty,2019-02-18 13:15:00,2019-02-21 13:15:00,10647.0,10785.1,26671.45,27047.0,16293.75
119,long_bnf-long_nifty,2019-02-21 15:15:00,2019-03-01 11:15:00,10791.95,10836.1,27060.75,26987.75,382.4999999999818
120,short_bnf-short_nifty,2019-03-01 13:15:00,2019-03-05 09:15:00,10863.15,10889.7,27053.4,27129.85,3238.749999999982
121,short_bnf-short_nifty,2019-03-05 11:15:00,2019-03-11 15:15:00,10912.45,11175.85,27287.7,27973.05,30303.749999999945
122,long_bnf-long_nifty,2019-03-12 09:15:00,2019-03-12 11:15:00,11297.95,11287.8,28328.6,28364.25,383.7499999999636
123,short_bnf-short_nifty,2019-03-12 13:15:00,2019-03-25 09:15:00,11301.45,11342.8,28450.65,29252.2,22106.24999999991
124,long_bnf-long_nifty,2019-03-25 11:15:00,2019-03-26 11:15:00,11337.9,11377.95,29268.6,29421.5,5825.000000000091
125,short_bnf-short_nifty,2019-03-26 13:15:00,2019-04-01 13:15:00,11486.35,11671.3,29905.9,30329.1,19827.499999999873
126,long_bnf-long_nifty,2019-04-01 15:15:00,2019-04-10 09:15:00,11654.15,11650.45,30250.85,30003.75,-6362.499999999909
127,long_bnf-long_nifty,2019-04-10 11:15:00,2019-04-15 11:15:00,11665.4,11688.95,30065.75,30127.1,2711.250000000018
128,short_bnf-short_nifty,2019-04-15 13:15:00,2019-04-18 15:15:00,11690.05,11747.7,30102.0,30191.5,5120.000000000073
129,long_bnf-long_nifty,2019-04-22 09:15:00,2019-04-26 15:15:00,11665.5,11748.7,29977.55,29980.8,4241.250000000036
130,long_bnf-long_nifty,2019-04-30 11:15:00,2019-05-03 11:15:00,11706.15,11749.3,29706.65,30043.85,10587.499999999909
131,short_bnf-short_nifty,2019-05-03 13:15:00,2019-05-08 09:15:00,11706.85,11416.3,29939.6,29126.45,-34856.25
132,short_bnf-short_nifty,2019-05-08 11:15:00,2019-05-15 15:15:00,11402.4,11140.2,29083.1,28566.85,-26016.249999999945
133,long_bnf-long_nifty,2019-05-16 09:15:00,2019-05-17 13:15:00,11150.95,11397.75,28558.45,29429.05,34104.99999999993
134,short_bnf-short_nifty,2019-05-17 15:15:00,2019-05-31 11:15:00,11418.05,11931.05,29521.15,31400.85,72642.49999999993
135,long_bnf-long_nifty,2019-05-31 13:15:00,2019-06-18 13:15:00,11921.35,11695.95,31372.1,30359.05,-36596.24999999996
136,long_bnf-long_nifty,2019-06-18 15:15:00,2019-06-19 11:15:00,11698.3,11709.2,30359.45,30514.3,4416.250000000036
137,short_bnf-short_nifty,2019-06-19 13:15:00,2019-06-19 15:15:00,11698.95,11707.7,30362.65,30432.75,2189.9999999999636
138,short_bnf-short_nifty,2019-06-20 09:15:00,2019-07-02 13:15:00,11738.85,11912.6,30515.6,31287.65,27988.750000000073
139,long_bnf-long_nifty,2019-07-02 15:15:00,2019-07-04 11:15:00,11910.25,11940.35,31268.75,31541.25,8317.500000000018
140,short_bnf-short_nifty,2019-07-04 13:15:00,2019-07-04 15:15:00,11947.15,11938.3,31473.0,31434.65,-1401.2499999999818
141,long_bnf-long_nifty,2019-07-05 09:15:00,2019-07-05 11:15:00,11952.5,11855.5,31555.0,31408.35,-8516.250000000036
142,short_bnf-short_nifty,2019-07-05 13:15:00,2019-07-12 09:15:00,11812.15,11576.75,31487.3,30593.15,-34123.74999999993
143,long_bnf-long_nifty,2019-07-12 11:15:00,2019-07-26 09:15:00,11616.2,11268.8,30733.25,29231.8,-54906.25000000009
144,short_bnf-short_nifty,2019-07-26 11:15:00,2019-07-31 13:15:00,11290.55,11129.45,29289.45,28909.6,-17551.24999999998
145,long_bnf-long_nifty,2019-08-01 09:15:00,2019-08-07 13:15:00,10987.85,10857.5,28540.05,27697.6,-27578.750000000036
146,long_bnf-long_nifty,2019-08-07 15:15:00,2019-08-09 11:15:00,10838.6,11176.3,27655.95,28559.85,39482.49999999989
147,short_bnf-short_nifty,2019-08-09 13:15:00,2019-08-13 11:15:00,11109.85,11052.8,28446.4,28054.65,-12646.250000000055
148,long_bnf-long_nifty,2019-08-13 13:15:00,2019-08-16 13:15:00,10936.25,11050.3,27737.1,28221.15,17803.750000000036
149,short_bnf-short_nifty,2019-08-16 15:15:00,2019-08-20 11:15:00,11042.25,10997.45,28200.55,27884.05,-10152.499999999964
150,long_bnf-long_nifty,2019-08-20 13:15:00,2019-08-21 11:15:00,11016.45,10970.35,27977.1,27902.1,-4180.000000000018
151,long_bnf-long_nifty,2019-08-21 15:15:00,2019-08-26 15:15:00,10919.15,11058.25,27711.6,27978.75,13633.750000000055
152,short_bnf-short_nifty,2019-08-27 09:15:00,2019-08-28 15:15:00,11114.75,11043.85,28154.65,27782.65,-12844.999999999982
153,long_bnf-long_nifty,2019-08-29 09:15:00,2019-09-04 13:15:00,10970.45,10854.45,27523.4,27143.25,-15303.750000000036
154,long_bnf-long_nifty,2019-09-05 11:15:00,2019-09-06 11:15:00,10854.4,10937.7,26944.65,27280.2,12553.750000000036
155,short_bnf-short_nifty,2019-09-06 13:15:00,2019-09-06 15:15:00,10949.3,10940.75,27258.85,27235.85,-1002.4999999999636
156,short_bnf-short_nifty,2019-09-09 11:15:00,2019-09-17 15:15:00,11020.8,10827.6,27542.9,27172.0,-18932.49999999998
157,long_bnf-long_nifty,2019-09-18 09:15:00,2019-09-20 11:15:00,10823.2,11245.45,27163.25,28803.2,62111.250000000015
158,short_bnf-short_nifty,2019-09-20 13:15:00,2019-09-27 09:15:00,11279.95,11512.7,29023.55,29794.45,30910.000000000036
159,long_bnf-long_nifty,2019-09-27 11:15:00,2019-10-09 13:15:00,11541.95,11310.55,29949.95,28771.0,-41043.75000000009
160,short_bnf-short_nifty,2019-10-09 15:15:00,2019-10-10 11:15:00,11318.45,11225.8,28797.2,28078.95,-22588.750000000073
161,long_bnf-long_nifty,2019-10-10 13:15:00,2019-10-15 15:15:00,11233.75,11428.5,27998.25,28559.9,23778.750000000036
162,short_bnf-short_nifty,2019-10-16 11:15:00,2019-10-16 13:15:00,11433.45,11470.95,28470.5,28557.55,4051.249999999982
163,long_bnf-long_nifty,2019-10-16 15:15:00,2019-10-17 11:15:00,11469.2,11518.9,28537.3,28866.05,10703.749999999945
164,short_bnf-short_nifty,2019-10-17 13:15:00,2019-10-24 15:15:00,11593.5,11583.7,28991.25,29129.05,2955.000000000018
165,long_bnf-long_nifty,2019-10-25 09:15:00,2019-10-25 15:15:00,11581.3,11574.95,29170.85,29393.9,5258.7500000001455
166,short_bnf-short_nifty,2019-10-29 09:15:00,2019-10-30 09:15:00,11740.5,11825.75,29775.15,29962.0,8933.749999999964
167,long_bnf-long_nifty,2019-10-31 09:15:00,2019-10-31 11:15:00,11921.75,11919.75,30273.85,30236.15,-1042.4999999999272
168,short_bnf-short_nifty,2019-10-31 13:15:00,2019-10-31 15:15:00,11889.15,11881.85,30084.8,30034.85,-1613.7499999999818
169,long_bnf-long_nifty,2019-11-01 09:15:00,2019-11-01 11:15:00,11877.15,11868.8,30236.85,30242.0,-288.7499999999818
170,short_bnf-short_nifty,2019-11-01 13:15:00,2019-11-05 13:15:00,11888.1,11919.8,30320.8,30225.15,-806.25
171,long_bnf-long_nifty,2019-11-05 15:15:00,2019-11-06 13:15:00,11918.05,11965.4,30208.25,30594.9,12033.750000000055
172,short_bnf-short_nifty,2019-11-06 15:15:00,2019-11-22 15:15:00,11960.25,11916.1,30584.8,31130.1,11425.0
173,long_bnf-long_nifty,2019-11-25 09:15:00,2019-11-26 11:15:00,11993.15,12099.2,31276.65,31736.05,16787.5
174,short_bnf-short_nifty,2019-11-26 13:15:00,2019-12-03 11:15:00,12032.9,11965.7,31701.45,31524.9,-7773.749999999927
175,long_bnf-long_nifty,2019-12-03 13:15:00,2019-12-04 11:15:00,11995.05,11944.75,31625.85,31607.8,-2966.2499999999454
176,short_bnf-short_nifty,2019-12-04 13:15:00,2019-12-05 13:15:00,12044.55,12030.75,31975.4,31800.4,-5064.999999999964
177,long_bnf-long_nifty,2019-12-05 15:15:00,2019-12-12 11:15:00,12007.8,11963.4,31677.0,31528.2,-5939.999999999964
178,short_bnf-short_nifty,2019-12-12 13:15:00,2019-12-18 09:15:00,11973.35,12181.2,31643.2,32073.45,21148.75000000002
179,long_bnf-long_nifty,2019-12-18 11:15:00,2019-12-23 11:15:00,12212.95,12256.7,32184.65,32347.85,6267.499999999927
180,long_bnf-long_nifty,2019-12-23 15:15:00,2019-12-24 11:15:00,12266.35,12246.8,32336.3,32324.05,-1283.7500000000546
181,short_bnf-short_nifty,2019-12-24 13:15:00,2019-12-26 13:15:00,12211.35,12130.45,32272.8,32022.7,-10297.499999999945
182,short_bnf-short_nifty,2019-12-26 15:15:00,2019-12-30 15:15:00,12130.35,12258.75,32020.6,32372.1,15207.499999999982
183,long_bnf-long_nifty,2019-12-31 09:15:00,2019-12-31 15:15:00,12204.95,12177.8,32172.0,32180.5,-1145.0000000000728
184,long_bnf-long_nifty,2020-01-01 11:15:00,2020-01-02 15:15:00,12175.25,12282.35,32095.9,32432.65,13773.750000000018
185,long_bnf-long_nifty,2020-01-03 11:15:00,2020-01-09 11:15:00,12237.0,12207.1,32102.45,32096.55,-1642.5000000000182
186,short_bnf-short_nifty,2020-01-09 13:15:00,2020-01-13 11:15:00,12218.1,12310.5,32103.2,32128.35,5248.749999999927
187,long_bnf-long_nifty,2020-01-13 13:15:00,2020-01-23 13:15:00,12330.7,12181.0,32167.85,30999.55,-36692.500000000015
188,long_bnf-long_nifty,2020-01-23 15:15:00,2020-01-24 09:15:00,12179.6,12229.3,31012.75,31253.3,8498.749999999927
189,short_bnf-short_nifty,2020-01-24 11:15:00,2020-01-27 15:15:00,12242.25,12109.9,31303.5,30819.2,-18725.0
190,short_bnf-short_nifty,2020-01-28 11:15:00,2020-01-29 15:15:00,12136.75,12132.0,31017.45,30872.65,-3857.499999999982
191,long_bnf-long_nifty,2020-01-30 09:15:00,2020-01-31 11:15:00,12054.1,11993.9,30607.25,30817.7,2251.249999999982
192,short_bnf-short_nifty,2020-01-31 13:15:00,2020-02-05 09:15:00,11958.0,12032.25,30829.05,30863.35,4569.999999999982
193,short_bnf-short_nifty,2020-02-05 11:15:00,2020-02-05 13:15:00,12014.45,12087.3,30796.95,30987.2,8398.749999999927
194,long_bnf-long_nifty,2020-02-05 15:15:00,2020-02-06 13:15:00,12091.95,12136.4,31018.0,31301.25,9303.749999999945
195,short_bnf-short_nifty,2020-02-06 15:15:00,2020-02-13 09:15:00,12133.25,12162.45,31286.7,31328.25,2498.750000000018
196,long_bnf-long_nifty,2020-02-13 11:15:00,2020-02-20 11:15:00,12157.45,12137.9,31262.2,31033.95,-6683.750000000055
197,short_bnf-short_nifty,2020-02-20 13:15:00,2020-03-02 13:15:00,12084.6,11049.8,30960.7,28628.05,-110056.25000000009
198,short_bnf-short_nifty,2020-03-03 09:15:00,2020-03-03 11:15:00,11198.0,11199.6,28914.45,28921.6,258.7499999999636
199,long_bnf-long_nifty,2020-03-03 13:15:00,2020-03-13 15:15:00,11297.8,10020.45,29167.6,25346.35,-159398.74999999994
200,short_bnf-short_nifty,2020-03-16 09:15:00,2020-03-16 11:15:00,9528.7,9434.95,23787.6,23601.55,-9338.749999999982
201,long_bnf-long_nifty,2020-03-16 13:15:00,2020-03-26 11:15:00,9174.65,8706.5,23028.55,20312.85,-91300.0
202,short_bnf-short_nifty,2020-03-26 13:15:00,2020-03-31 11:15:00,8622.5,8549.3,19577.55,19112.85,-15277.500000000055
203,long_bnf-long_nifty,2020-03-31 13:15:00,2020-04-09 15:15:00,8602.75,9098.55,19137.6,19876.45,43261.250000000015
204,short_bnf-short_nifty,2020-04-13 09:15:00,2020-04-13 11:15:00,9007.1,8992.8,19516.45,19500.95,-1102.5000000000546
205,short_bnf-short_nifty,2020-04-15 09:15:00,2020-04-15 13:15:00,9232.7,8926.05,20068.95,19048.45,-40845.00000000007
206,long_bnf-long_nifty,2020-04-15 15:15:00,2020-04-17 11:15:00,8942.6,9131.15,19120.9,19841.7,27447.499999999945
207,short_bnf-short_nifty,2020-04-17 13:15:00,2020-04-21 11:15:00,9273.55,8944.45,20748.55,19375.8,-50773.74999999993
208,long_bnf-long_nifty,2020-04-21 13:15:00,2020-04-27 15:15:00,8986.1,9289.6,19409.35,20080.8,31961.25000000002
209,short_bnf-short_nifty,2020-04-28 09:15:00,2020-05-04 11:15:00,9299.4,9357.25,20411.95,19944.1,-8803.750000000036
210,long_bnf-long_nifty,2020-05-04 13:15:00,2020-05-13 11:15:00,9277.7,9368.3,19708.25,19503.35,-592.5000000001091
211,long_bnf-long_nifty,2020-05-13 13:15:00,2020-05-13 15:15:00,9388.25,9383.25,19631.1,19643.35,56.25
212,short_bnf-short_nifty,2020-05-14 09:15:00,2020-05-15 11:15:00,9214.7,9086.4,19186.3,18770.0,-16822.500000000036
213,long_bnf-long_nifty,2020-05-15 13:15:00,2020-05-27 11:15:00,9134.7,9182.2,18831.15,18077.25,-16472.500000000036
214,short_bnf-short_nifty,2020-05-27 13:15:00,2020-06-04 15:15:00,9321.15,10030.75,18733.8,20379.35,76618.75
215,long_bnf-long_nifty,2020-06-05 09:15:00,2020-06-05 13:15:00,10081.95,10138.55,20576.0,21001.1,13457.49999999989
216,short_bnf-short_nifty,2020-06-05 15:15:00,2020-06-09 15:15:00,10168.2,10027.05,21177.4,20653.85,-20146.250000000146
217,long_bnf-long_nifty,2020-06-10 09:15:00,2020-06-10 13:15:00,10124.1,10129.3,20932.9,21169.25,6168.749999999909
218,short_bnf-short_nifty,2020-06-10 15:15:00,2020-06-11 15:15:00,10139.4,9910.15,21240.25,20534.4,-29108.749999999964
219,long_bnf-long_nifty,2020-06-12 09:15:00,2020-06-17 13:15:00,9715.75,9880.95,19894.7,20208.85,16113.749999999982
220,long_bnf-long_nifty,2020-06-17 15:15:00,2020-06-18 15:15:00,9876.85,10091.25,20197.1,20922.2,28847.500000000036
221,short_bnf-short_nifty,2020-06-19 09:15:00,2020-06-24 15:15:00,10139.55,10320.05,21163.75,21456.8,16351.249999999982
222,long_bnf-long_nifty,2020-06-25 09:15:00,2020-07-01 11:15:00,10334.6,10421.4,21488.2,21830.1,12887.499999999909
223,short_bnf-short_nifty,2020-07-01 13:15:00,2020-07-02 15:15:00,10436.4,10563.6,22005.05,21992.6,6048.750000000018
224,short_bnf-short_nifty,2020-07-03 09:15:00,2020-07-03 11:15:00,10589.5,10588.65,21895.8,21879.35,-453.7500000000364
225,long_bnf-long_nifty,2020-07-03 13:15:00,2020-07-07 13:15:00,10606.85,10796.9,21848.7,22624.75,28903.749999999945
226,short_bnf-short_nifty,2020-07-07 15:15:00,2020-07-10 13:15:00,10787.5,10761.9,22570.55,22376.65,-6127.499999999964
227,long_bnf-long_nifty,2020-07-10 15:15:00,2020-07-20 09:15:00,10771.2,10981.9,22401.7,22401.35,10526.24999999989
228,short_bnf-short_nifty,2020-07-20 11:15:00,2020-07-24 11:15:00,10996.25,11108.85,22418.3,22477.55,7111.250000000018
229,long_bnf-long_nifty,2020-07-24 13:15:00,2020-08-05 11:15:00,11201.85,11117.05,22671.25,21598.45,-31060.000000000036
230,long_bnf-long_nifty,2020-08-05 13:15:00,2020-08-06 13:15:00,11103.9,11200.4,21508.65,21653.1,8436.249999999927
231,long_bnf-long_nifty,2020-08-06 15:15:00,2020-08-07 15:15:00,11206.8,11216.9,21666.75,21762.0,2886.250000000018
232,short_bnf-short_nifty,2020-08-10 09:15:00,2020-08-14 13:15:00,11325.1,11177.6,21987.0,21691.85,-14753.750000000036
233,long_bnf-long_nifty,2020-08-14 15:15:00,2020-08-19 11:15:00,11183.05,11435.85,21695.65,22355.05,29125.0
234,short_bnf-short_nifty,2020-08-19 13:15:00,2020-08-20 11:15:00,11403.35,11331.15,22270.05,21955.25,-11480.000000000018
235,long_bnf-long_nifty,2020-08-20 13:15:00,2020-08-20 15:15:00,11309.95,11309.65,21991.0,21980.65,-273.7500000000182
236,short_bnf-short_nifty,2020-08-21 09:15:00,2020-09-02 11:15:00,11390.95,11473.0,22265.1,23588.9,37197.50000000004
237,long_bnf-long_nifty,2020-09-02 13:15:00,2020-09-02 15:15:00,11529.05,11543.1,23861.2,23879.4,1157.5000000000728
238,long_bnf-long_nifty,2020-09-03 09:15:00,2020-09-28 11:15:00,11557.25,11212.3,23766.4,21607.1,-71230.00000000012
239,short_bnf-short_nifty,2020-09-28 13:15:00,2020-09-29 11:15:00,11227.95,11207.2,21654.9,21343.15,-8831.25
240,short_bnf-short_nifty,2020-09-29 15:15:00,2020-09-30 11:15:00,11222.65,11252.9,21436.15,21339.5,-903.7500000000364
241,long_bnf-long_nifty,2020-09-30 13:15:00,2020-09-30 15:15:00,11247.4,11226.3,21459.4,21416.85,-2118.750000000091
242,short_bnf-short_nifty,2020-10-01 09:15:00,2020-10-13 15:15:00,11400.2,11925.25,22051.45,23443.6,61056.249999999905
243,long_bnf-long_nifty,2020-10-14 09:15:00,2020-10-14 15:15:00,11849.55,11966.45,23233.75,23858.65,21467.50000000011
244,short_bnf-short_nifty,2020-10-15 09:15:00,2020-10-15 15:15:00,11931.2,11672.55,23924.75,23035.5,-35163.75000000007
245,long_bnf-long_nifty,2020-10-16 09:15:00,2020-10-16 13:15:00,11767.3,11764.65,23308.3,23546.05,5811.250000000018
246,short_bnf-short_nifty,2020-10-16 15:15:00,2020-10-26 13:15:00,11770.25,11768.5,23528.4,24081.75,13746.249999999964
247,long_bnf-long_nifty,2020-10-26 15:15:00,2020-10-27 11:15:00,11776.9,11853.25,24101.55,24597.25,16210.000000000036
248,short_bnf-short_nifty,2020-10-27 13:15:00,2020-10-29 13:15:00,11885.55,11678.85,24761.9,24121.1,-26355.00000000002
249,short_bnf-short_nifty,2020-10-29 15:15:00,2020-10-30 11:15:00,11667.8,11579.4,24088.25,23741.75,-13082.499999999982
250,long_bnf-long_nifty,2020-10-30 13:15:00,2020-11-02 11:15:00,11648.65,11620.55,23906.25,24652.05,17239.999999999964
251,short_bnf-short_nifty,2020-11-02 13:15:00,2020-11-13 09:15:00,11656.65,12700.65,24808.45,28111.95,134787.5
252,long_bnf-long_nifty,2020-11-13 11:15:00,2020-11-13 15:15:00,12691.1,12723.1,28211.15,28466.0,7971.249999999964
253,short_bnf-short_nifty,2020-11-17 11:15:00,2020-11-20 11:15:00,12843.7,12813.85,28890.7,29029.7,1982.4999999999818
254,short_bnf-short_nifty,2020-11-20 13:15:00,2020-11-23 11:15:00,12866.1,12903.15,29261.5,29062.75,-3116.2500000000364
255,long_bnf-long_nifty,2020-11-23 13:15:00,2020-11-24 11:15:00,12933.9,13028.3,29038.9,29518.75,16716.249999999945
256,long_bnf-long_nifty,2020-11-24 13:15:00,2020-11-24 15:15:00,13050.9,13075.55,29728.4,29802.55,3086.2499999999272
257,short_bnf-short_nifty,2020-11-25 09:15:00,2020-12-01 15:15:00,12986.65,13097.25,29651.4,29774.1,8597.499999999945
258,long_bnf-long_nifty,2020-12-02 09:15:00,2020-12-04 15:15:00,13088.75,13270.7,29650.7,30138.3,21287.5
259,short_bnf-short_nifty,2020-12-07 09:15:00,2020-12-07 11:15:00,13289.8,13332.4,30005.5,30303.95,9591.250000000036
260,short_bnf-short_nifty,2020-12-07 13:15:00,2020-12-08 11:15:00,13358.6,13380.1,30202.4,30245.35,2148.7499999999272
261,short_bnf-short_nifty,2020-12-08 13:15:00,2020-12-11 13:15:00,13390.15,13517.3,30251.45,30617.85,15517.499999999927
262,short_bnf-short_nifty,2020-12-11 15:15:00,2020-12-15 11:15:00,13505.55,13537.95,30600.8,30559.9,597.5000000001273
263,long_bnf-long_nifty,2020-12-15 13:15:00,2020-12-24 11:15:00,13572.65,13695.55,30689.35,30327.9,-2891.2499999999454
264,long_bnf-long_nifty,2020-12-24 15:15:00,2020-12-28 11:15:00,13740.4,13864.95,30374.7,30831.25,17641.250000000036
265,short_bnf-short_nifty,2020-12-28 13:15:00,2021-01-01 11:15:00,13870.9,14030.35,30859.3,31273.8,18335.000000000036
266,long_bnf-long_nifty,2021-01-01 13:15:00,2021-01-05 15:15:00,14016.15,14199.3,31229.45,31705.6,21061.249999999927
267,short_bnf-short_nifty,2021-01-06 09:15:00,2021-01-08 15:15:00,14216.45,14343.9,31867.45,32078.15,11639.999999999964
268,long_bnf-long_nifty,2021-01-11 11:15:00,2021-01-13 15:15:00,14441.95,14556.0,31985.95,32540.55,19567.499999999927
269,short_bnf-short_nifty,2021-01-14 09:15:00,2021-01-14 15:15:00,14567.45,14594.6,32605.5,32561.35,253.74999999994543
270,short_bnf-short_nifty,2021-01-15 09:15:00,2021-01-15 11:15:00,14483.35,14520.2,32220.55,32317.65,4270.000000000073
271,short_bnf-short_nifty,2021-01-15 13:15:00,2021-01-18 15:15:00,14433.45,14230.2,32235.25,31678.55,-24080.00000000002
272,long_bnf-long_nifty,2021-01-19 09:15:00,2021-01-19 15:15:00,14432.8,14526.6,32027.75,32437.2,14926.250000000073
273,short_bnf-short_nifty,2021-01-20 09:15:00,2021-01-20 11:15:00,14611.7,14602.25,32558.2,32461.5,-2890.0000000000546
274,long_bnf-long_nifty,2021-01-20 13:15:00,2021-01-28 15:15:00,14643.85,13819.75,32537.25,30347.55,-95947.50000000003
275,short_bnf-short_nifty,2021-01-29 09:15:00,2021-02-10 13:15:00,13869.9,15107.15,30538.8,35774.25,192748.75
276,long_bnf-long_nifty,2021-02-10 15:15:00,2021-02-12 13:15:00,15137.8,15162.15,35901.65,36093.85,6022.499999999945
277,short_bnf-short_nifty,2021-02-12 15:15:00,2021-02-19 11:15:00,15164.7,15080.4,36124.2,36273.35,-486.2500000000182
278,long_bnf-long_nifty,2021-02-19 13:15:00,2021-02-25 09:15:00,15006.25,15136.4,35940.35,37038.35,33957.499999999985
279,short_bnf-short_nifty,2021-02-25 11:15:00,2021-02-26 11:15:00,15130.9,14591.15,36814.2,34799.7,-77350.0
280,long_bnf-long_nifty,2021-02-26 13:15:00,2021-03-09 11:15:00,14548.3,14973.55,34864.7,35665.95,41293.75
281,short_bnf-short_nifty,2021-03-09 13:15:00,2021-03-10 15:15:00,15113.7,15168.15,35932.85,35945.15,3030.000000000018
282,short_bnf-short_nifty,2021-03-12 09:15:00,2021-03-12 15:15:00,15269.9,15023.95,36199.45,35453.0,-30958.749999999873
283,long_bnf-long_nifty,2021-03-15 09:15:00,2021-03-25 15:15:00,14812.3,14346.4,34559.75,33032.45,-61477.50000000006
284,short_bnf-short_nifty,2021-03-26 09:15:00,2021-03-26 13:15:00,14482.4,14495.45,33317.25,33239.35,-1294.9999999999818
285,long_bnf-long_nifty,2021-03-26 15:15:00,2021-03-30 09:15:00,14518.9,14757.7,33445.15,33893.95,23159.999999999945
286,short_bnf-short_nifty,2021-03-30 11:15:00,2021-03-30 13:15:00,14762.45,14850.1,33665.4,33879.3,9730.000000000018
287,long_bnf-long_nifty,2021-03-30 15:15:00,2021-04-15 13:15:00,14855.0,14587.9,33893.55,32115.5,-57806.25000000009
288,short_bnf-short_nifty,2021-04-15 15:15:00,2021-04-19 11:15:00,14589.4,14314.9,32153.8,30738.35,-49111.250000000015
289,long_bnf-long_nifty,2021-04-19 13:15:00,2021-04-20 11:15:00,14361.9,14377.05,31239.7,31344.6,3379.9999999999272
290,long_bnf-long_nifty,2021-04-20 15:15:00,2021-04-22 13:15:00,14279.55,14406.9,31074.75,31802.65,24565.000000000055
291,short_bnf-short_nifty,2021-04-22 15:15:00,2021-04-30 15:15:00,14398.7,14617.55,31726.55,32714.35,35637.49999999991
292,long_bnf-long_nifty,2021-05-03 09:15:00,2021-05-05 15:15:00,14544.4,14635.0,32416.25,32851.55,15412.500000000091
293,short_bnf-short_nifty,2021-05-06 09:15:00,2021-05-06 11:15:00,14636.65,14712.45,32611.35,32875.3,10388.750000000164
294,long_bnf-long_nifty,2021-05-06 13:15:00,2021-05-17 11:15:00,14721.0,14838.05,32829.5,33108.35,12823.749999999927
295,short_bnf-short_nifty,2021-05-17 13:15:00,2021-05-26 15:15:00,14920.55,15299.7,33450.65,34674.7,49558.74999999996
296,long_bnf-long_nifty,2021-05-27 09:15:00,2021-05-27 13:15:00,15326.45,15332.0,34631.5,35086.4,11650.0
297,short_bnf-short_nifty,2021-05-27 15:15:00,2021-05-28 13:15:00,15370.15,15437.5,35134.3,35149.35,3743.749999999909
298,long_bnf-long_nifty,2021-05-28 15:15:00,2021-05-31 15:15:00,15455.3,15576.0,35222.65,35484.55,12582.500000000073
299,short_bnf-short_nifty,2021-06-01 09:15:00,2021-06-01 11:15:00,15553.85,15575.1,35269.2,35397.35,4266.250000000036
300,long_bnf-long_nifty,2021-06-01 13:15:00,2021-06-15 15:15:00,15575.8,15859.2,35350.6,35225.55,11043.750000000182
301,short_bnf-short_nifty,2021-06-16 09:15:00,2021-06-16 13:15:00,15784.35,15769.25,35094.95,35006.9,-2956.249999999909
302,short_bnf-short_nifty,2021-06-16 15:15:00,2021-06-17 11:15:00,15755.7,15725.95,34986.75,34782.15,-6602.499999999964
303,long_bnf-long_nifty,2021-06-17 13:15:00,2021-06-21 15:15:00,15704.55,15748.6,34683.25,34874.3,6978.750000000127
304,short_bnf-short_nifty,2021-06-22 09:15:00,2021-06-22 13:15:00,15864.3,15779.3,35159.85,34761.05,-14219.99999999989
305,long_bnf-long_nifty,2021-06-22 15:15:00,2021-06-24 11:15:00,15765.15,15790.4,34716.5,34822.7,3917.4999999999272
306,short_bnf-short_nifty,2021-06-25 09:15:00,2021-06-30 13:15:00,15805.7,15713.95,35025.45,34760.05,-11222.499999999854
307,long_bnf-long_nifty,2021-06-30 15:15:00,2021-07-05 15:15:00,15730.65,15838.4,34780.55,35218.6,16338.74999999989
308,short_bnf-short_nifty,2021-07-06 09:15:00,2021-07-09 11:15:00,15881.85,15677.0,35638.85,35090.3,-23956.24999999991
309,long_bnf-long_nifty,2021-07-09 15:15:00,2021-07-13 11:15:00,15697.05,15805.5,35090.4,35658.5,19625.0
310,short_bnf-short_nifty,2021-07-13 13:15:00,2021-07-16 13:15:00,15816.2,15923.25,35682.3,35759.55,7283.749999999964
311,long_bnf-long_nifty,2021-07-16 15:15:00,2021-07-27 11:15:00,15923.6,15715.4,35755.9,34747.8,-35612.5
312,short_bnf-short_nifty,2021-07-27 13:15:00,2021-07-28 11:15:00,15745.85,15666.1,34790.4,34347.8,-15052.499999999964
313,long_bnf-long_nifty,2021-07-28 13:15:00,2021-08-04 11:15:00,15713.1,16236.4,34530.8,35882.4,59954.99999999993
314,short_bnf-short_nifty,2021-08-04 13:15:00,2021-08-11 11:15:00,16265.7,16232.4,36062.15,35725.25,-10087.500000000091
315,long_bnf-long_nifty,2021-08-11 13:15:00,2021-08-24 13:15:00,16281.6,16624.65,35812.9,35706.15,14483.750000000055
316,short_bnf-short_nifty,2021-08-24 15:15:00,2021-08-25 11:15:00,16615.75,16667.2,35680.45,35568.0,-238.74999999989086
317,long_bnf-long_nifty,2021-08-25 13:15:00,2021-08-26 11:15:00,16628.75,16639.65,35561.2,35693.5,3852.5000000001455
318,short_bnf-short_nifty,2021-08-26 13:15:00,2021-08-27 11:15:00,16640.35,16699.7,35605.8,35619.6,3312.5
319,long_bnf-long_nifty,2021-08-27 13:15:00,2021-08-30 13:15:00,16711.9,16934.3,35634.75,36344.45,28862.499999999818
320,short_bnf-short_nifty,2021-08-30 15:15:00,2021-08-31 15:15:00,16938.5,17132.25,36357.3,36389.15,10483.749999999964
321,long_bnf-long_nifty,2021-09-01 09:15:00,2021-09-01 11:15:00,17112.8,17116.05,36679.3,36734.2,1534.9999999998545
322,short_bnf-short_nifty,2021-09-01 13:15:00,2021-09-02 15:15:00,17068.7,17233.85,36547.45,36875.35,16454.999999999927
323,short_bnf-short_nifty,2021-09-03 09:15:00,2021-09-03 11:15:00,17235.15,17294.6,36785.2,36813.8,3687.5
324,long_bnf-long_nifty,2021-09-03 13:15:00,2021-09-09 09:15:00,17320.9,17349.3,36754.0,36703.8,164.99999999996362
325,long_bnf-long_nifty,2021-09-09 11:15:00,2021-09-16 11:15:00,17318.65,17580.25,36604.3,37409.05,33198.74999999993
326,short_bnf-short_nifty,2021-09-16 13:15:00,2021-09-21 11:15:00,17625.45,17455.2,37630.7,37005.8,-24134.999999999854
327,long_bnf-long_nifty,2021-09-21 13:15:00,2021-09-27 11:15:00,17548.5,17886.25,37188.6,38226.05,42823.75000000011
328,short_bnf-short_nifty,2021-09-27 13:15:00,2021-09-30 15:15:00,17860.5,17608.65,38176.4,37411.05,-31726.24999999989
329,long_bnf-long_nifty,2021-10-01 09:15:00,2021-10-06 11:15:00,17528.25,17775.9,37213.2,37849.75,28296.250000000146
330,short_bnf-short_nifty,2021-10-06 13:15:00,2021-10-07 11:15:00,17652.5,17847.85,37522.5,37844.15,17808.749999999964
331,long_bnf-long_nifty,2021-10-07 13:15:00,2021-10-11 11:15:00,17790.25,18013.95,37751.05,38250.5,23671.249999999964
332,short_bnf-short_nifty,2021-10-11 13:15:00,2021-10-14 09:15:00,17950.75,18299.7,38306.45,38817.4,30221.250000000146
333,long_bnf-long_nifty,2021-10-14 11:15:00,2021-10-14 15:15:00,18283.7,18339.05,38857.95,39329.35,14552.499999999964
334,short_bnf-short_nifty,2021-10-18 09:15:00,2021-10-28 11:15:00,18494.5,18007.85,39683.7,40221.15,-10896.249999999964
335,long_bnf-long_nifty,2021-10-28 13:15:00,2021-11-02 13:15:00,17853.65,17896.1,39512.75,39966.75,13472.499999999854
336,short_bnf-short_nifty,2021-11-02 15:15:00,2021-11-03 13:15:00,17889.15,17820.5,39901.55,39370.25,-16715.000000000146
337,long_bnf-long_nifty,2021-11-03 15:15:00,2021-11-18 15:15:00,17833.0,17745.25,39416.45,37941.95,-41250.0
338,short_bnf-short_nifty,2021-11-22 09:15:00,2021-11-22 11:15:00,17552.3,17492.2,37304.55,37230.2,-4863.750000000073
339,long_bnf-long_nifty,2021-11-22 13:15:00,2021-11-23 09:15:00,17395.4,17385.25,37075.95,36995.2,-2526.2500000000728
340,long_bnf-long_nifty,2021-11-23 11:15:00,2021-11-24 11:15:00,17437.2,17582.75,37051.4,37819.3,26475.0
341,short_bnf-short_nifty,2021-11-24 13:15:00,2021-11-25 13:15:00,17415.05,17530.35,37430.95,37351.55,3780.000000000109
342,long_bnf-long_nifty,2021-11-25 15:15:00,2021-12-01 15:15:00,17547.0,17185.95,37382.25,36384.8,-42988.74999999989
343,short_bnf-short_nifty,2021-12-02 09:15:00,2021-12-02 11:15:00,17285.95,17319.85,36391.65,36306.4,-436.25000000010914
344,long_bnf-long_nifty,2021-12-02 13:15:00,2021-12-03 11:15:00,17404.1,17289.55,36486.8,36351.4,-9112.5
345,long_bnf-long_nifty,2021-12-03 13:15:00,2021-12-06 11:15:00,17197.0,17059.3,36204.45,36119.3,-9013.74999999989
346,short_bnf-short_nifty,2021-12-06 13:15:00,2021-12-09 15:15:00,16909.75,17502.65,35708.5,37049.95,63181.25
347,long_bnf-long_nifty,2021-12-10 09:15:00,2021-12-13 11:15:00,17461.05,17393.5,36957.05,37048.75,-1085.0000000000364
348,short_bnf-short_nifty,2021-12-13 13:15:00,2021-12-13 15:15:00,17366.3,17384.5,36906.05,36962.2,2313.749999999891
349,long_bnf-long_nifty,2021-12-14 11:15:00,2021-12-14 13:15:00,17347.45,17321.75,36920.75,36886.7,-2136.250000000109
350,short_bnf-short_nifty,2021-12-14 15:15:00,2021-12-16 13:15:00,17319.5,17236.85,36894.75,36549.0,-12776.250000000073
351,long_bnf-long_nifty,2021-12-16 15:15:00,2021-12-31 11:15:00,17285.6,17396.9,36585.45,35555.4,-20186.249999999745
352,short_bnf-short_nifty,2021-12-31 13:15:00,2022-01-13 11:15:00,17351.45,18214.55,35470.0,38462.7,117972.49999999985
353,long_bnf-long_nifty,2022-01-13 13:15:00,2022-01-18 13:15:00,18269.5,18097.6,38494.95,38164.15,-16864.999999999964
354,short_bnf-short_nifty,2022-01-19 09:15:00,2022-02-01 13:15:00,17977.35,17563.2,38083.3,38467.45,-11103.750000000036
355,long_bnf-long_nifty,2022-02-01 15:15:00,2022-02-02 11:15:00,17604.65,17745.75,38568.7,39164.25,21943.75
356,short_bnf-short_nifty,2022-02-02 13:15:00,2022-02-07 15:15:00,17778.15,17210.0,39337.1,37990.2,-62080.00000000011
357,long_bnf-long_nifty,2022-02-08 09:15:00,2022-02-09 15:15:00,17085.3,17471.6,37442.1,38602.4,48322.50000000004
358,long_bnf-long_nifty,2022-02-10 09:15:00,2022-02-10 11:15:00,17584.05,17602.75,39084.0,39153.2,2664.9999999999636
359,short_bnf-short_nifty,2022-02-10 13:15:00,2022-02-14 11:15:00,17599.6,17021.95,38986.55,37388.3,-68838.74999999988
360,long_bnf-long_nifty,2022-02-14 13:15:00,2022-02-21 11:15:00,16837.05,17346.35,36898.45,38022.55,53567.50000000011
361,short_bnf-short_nifty,2022-02-21 13:15:00,2022-02-24 11:15:00,17195.9,16535.0,37657.75,36075.9,-72591.25000000003
362,long_bnf-long_nifty,2022-02-24 13:15:00,2022-02-25 11:15:00,16273.1,16672.05,35236.65,36531.0,52306.24999999991
363,short_bnf-short_nifty,2022-02-25 13:15:00,2022-02-28 11:15:00,16657.5,16718.1,36425.35,36112.85,-4782.500000000073
364,long_bnf-long_nifty,2022-02-28 13:15:00,2022-03-10 11:15:00,16799.2,16631.95,36211.7,34868.1,-41952.49999999996
365,short_bnf-short_nifty,2022-03-10 13:15:00,2022-03-10 15:15:00,16615.85,16566.3,34540.6,34400.7,-5975.0
366,long_bnf-long_nifty,2022-03-11 09:15:00,2022-03-11 15:15:00,16607.85,16620.5,34514.55,34546.7,1436.2499999999272
367,short_bnf-short_nifty,2022-03-14 09:15:00,2022-03-21 13:15:00,16722.1,17124.9,34975.25,36038.2,46713.75000000007
368,short_bnf-short_nifty,2022-03-21 15:15:00,2022-03-22 11:15:00,17113.85,17229.85,36046.15,36138.0,8096.249999999964
369,long_bnf-long_nifty,2022-03-22 13:15:00,2022-03-30 11:15:00,17317.45,17492.3,36346.15,36270.55,6852.499999999964
370,short_bnf-short_nifty,2022-03-30 13:15:00,2022-04-08 15:15:00,17498.45,17800.3,36339.25,37803.1,51688.74999999989
371,long_bnf-long_nifty,2022-04-11 09:15:00,2022-04-11 11:15:00,17686.35,17740.8,37804.65,37872.85,4427.499999999964
372,short_bnf-short_nifty,2022-04-11 13:15:00,2022-04-18 13:15:00,17682.3,17179.45,37611.45,36745.4,-46793.74999999982
373,short_bnf-short_nifty,2022-04-18 15:15:00,2022-04-19 11:15:00,17185.8,17181.5,36791.6,36756.4,-1094.9999999998909
374,short_bnf-short_nifty,2022-04-19 15:15:00,2022-04-20 09:15:00,16869.15,17120.25,36070.65,36393.2,20618.749999999818
375,long_bnf-long_nifty,2022-04-20 11:15:00,2022-04-25 11:15:00,17137.1,16990.05,36378.25,36187.4,-12123.749999999927
376,short_bnf-short_nifty,2022-04-25 13:15:00,2022-04-26 15:15:00,16947.15,17201.45,36047.0,36390.15,21293.75
377,long_bnf-long_nifty,2022-04-27 09:15:00,2022-05-02 15:15:00,17066.95,17064.7,36087.55,36138.45,1159.9999999998545
378,short_bnf-short_nifty,2022-05-04 09:15:00,2022-05-05 15:15:00,16940.1,16669.2,36076.7,35160.1,-36459.999999999854
379,long_bnf-long_nifty,2022-05-06 09:15:00,2022-05-10 13:15:00,16371.9,16239.5,34442.35,34473.15,-5849.999999999909
380,short_bnf-short_nifty,2022-05-10 15:15:00,2022-05-13 11:15:00,16207.75,16076.35,34418.2,33906.5,-19362.49999999991
381,long_bnf-long_nifty,2022-05-13 13:15:00,2022-05-20 13:15:00,15753.05,16279.45,33094.6,34290.8,56225.00000000018
382,long_bnf-long_nifty,2022-05-20 15:15:00,2022-05-23 11:15:00,16278.7,16352.05,34311.55,34683.6,12968.749999999818
383,short_bnf-short_nifty,2022-05-23 13:15:00,2022-05-30 15:15:00,16210.4,16668.2,34227.6,35832.05,63001.25000000016
384,long_bnf-long_nifty,2022-05-31 09:15:00,2022-06-08 11:15:00,16649.05,16401.2,35822.05,35113.4,-30108.749999999964
385,short_bnf-short_nifty,2022-06-08 13:15:00,2022-06-08 15:15:00,16362.3,16335.4,34948.1,34888.75,-2828.7499999999454
386,long_bnf-long_nifty,2022-06-09 11:15:00,2022-06-15 13:15:00,16347.95,15693.65,34797.95,33347.1,-68986.25000000001
387,short_bnf-short_nifty,2022-06-15 15:15:00,2022-06-21 09:15:00,15682.9,15592.25,33330.0,33196.1,-7880.000000000018
388,short_bnf-short_nifty,2022-06-21 11:15:00,2022-06-21 15:15:00,15676.7,15634.15,33574.4,33186.55,-11823.750000000018
389,long_bnf-long_nifty,2022-06-22 09:15:00,2022-06-22 13:15:00,15487.55,15419.65,32914.85,32867.7,-4573.750000000018
390,short_bnf-short_nifty,2022-06-22 15:15:00,2022-06-23 09:15:00,15401.1,15613.6,32793.5,33370.95,25061.249999999927
391,short_bnf-short_nifty,2022-06-23 11:15:00,2022-06-23 13:15:00,15386.25,15561.0,32706.6,33125.65,19213.750000000073
392,long_bnf-long_nifty,2022-06-23 15:15:00,2022-06-24 11:15:00,15577.55,15680.25,33171.05,33664.25,17464.999999999964
393,short_bnf-short_nifty,2022-06-24 13:15:00,2022-06-28 11:15:00,15709.75,15762.05,33646.4,33521.1,-517.5000000001091
394,long_bnf-long_nifty,2022-06-28 13:15:00,2022-07-01 11:15:00,15842.6,15683.35,33614.2,33406.3,-13159.999999999854
395,short_bnf-short_nifty,2022-07-01 13:15:00,2022-07-14 13:15:00,15747.35,15942.5,33532.35,34660.8,37968.75000000009
396,long_bnf-long_nifty,2022-07-14 15:15:00,2022-07-19 11:15:00,15947.95,16272.55,34663.15,35446.95,35824.99999999982
397,short_bnf-short_nifty,2022-07-19 13:15:00,2022-07-29 11:15:00,16350.55,17106.2,35725.6,37501.5,82180.00000000012
398,long_bnf-long_nifty,2022-07-29 13:15:00,2022-08-10 11:15:00,17159.8,17498.35,37519.55,38307.15,36617.49999999993
399,short_bnf-short_nifty,2022-08-10 13:15:00,2022-08-17 11:15:00,17537.65,17934.8,38282.65,39383.8,47386.24999999993
400,short_bnf-short_nifty,2022-08-17 15:15:00,2022-08-19 11:15:00,17929.05,17810.55,39416.2,39127.8,-13134.999999999854
401,long_bnf-long_nifty,2022-08-19 13:15:00,2022-08-23 15:15:00,17765.0,17623.35,39018.9,38852.2,-11250.000000000182
402,short_bnf-short_nifty,2022-08-24 09:15:00,2022-08-29 11:15:00,17614.35,17326.8,38907.05,38259.4,-30568.75
403,long_bnf-long_nifty,2022-08-29 13:15:00,2022-08-29 15:15:00,17293.8,17339.1,38249.65,38346.85,4694.999999999891
404,short_bnf-short_nifty,2022-08-30 11:15:00,2022-09-07 11:15:00,17635.45,17617.85,39154.15,39500.6,7781.249999999818
405,long_bnf-long_nifty,2022-09-07 13:15:00,2022-09-08 11:15:00,17617.1,17723.2,39437.15,40013.1,19703.750000000036
406,short_bnf-short_nifty,2022-09-08 13:15:00,2022-09-21 13:15:00,17796.35,17716.75,40192.7,41206.4,21362.500000000182
407,short_bnf-short_nifty,2022-09-21 15:15:00,2022-09-22 11:15:00,17715.9,17608.25,41197.6,40571.4,-21037.5
408,long_bnf-long_nifty,2022-09-22 13:15:00,2022-09-30 11:15:00,17623.3,17071.95,40604.5,38579.8,-78184.99999999985
409,short_bnf-short_nifty,2022-09-30 13:15:00,2022-10-03 11:15:00,17066.05,17020.65,38584.6,38237.1,-10957.49999999989
410,long_bnf-long_nifty,2022-10-03 13:15:00,2022-10-03 15:15:00,16891.25,16876.0,38049.65,37974.9,-2631.25
